{"cameraMode":{"drawMode":0,"name":"Shaded","section":"Shading Mode"},"sceneLighting":true,"audioPlay":false,"sceneViewState":{"showFog":true,"showMaterialUpdate":true,"showSkybox":true,"showFlares":true,"showImageEffects":true,"showParticleSystems":true},"in2DMode":false,"pivot":{"x":7.69480037689209,"y":1.0914149284362794,"z":-4.558370590209961},"rotation":{"x":-0.00040112342685461044,"y":0.7446431517601013,"z":0.0004485058889258653,"w":0.6674628853797913},"size":1.8254947662353516,"orthographic":false}