{"cameraMode":{"drawMode":0,"name":"Shaded","section":"Shading Mode"},"sceneLighting":true,"audioPlay":false,"sceneViewState":{"showFog":false,"showMaterialUpdate":false,"showSkybox":true,"showFlares":true,"showImageEffects":true,"showParticleSystems":true},"in2DMode":false,"pivot":{"x":467.15142822265627,"y":56.72801208496094,"z":455.0010986328125},"rotation":{"x":-0.4457850754261017,"y":-0.002070601563900709,"z":0.0019338178681209684,"w":-0.8952579498291016},"size":675.200927734375,"orthographic":true}