{"cameraMode":{"drawMode":0,"name":"Shaded","section":"Shading Mode"},"sceneLighting":true,"audioPlay":false,"sceneViewState":{"showFog":true,"showMaterialUpdate":false,"showSkybox":true,"showFlares":true,"showImageEffects":true,"showParticleSystems":true},"in2DMode":false,"pivot":{"x":3.3512206077575685,"y":2.106194019317627,"z":4.115429401397705},"rotation":{"x":0.10325218737125397,"y":-0.03700624406337738,"z":0.003748644609004259,"w":0.994016706943512},"size":1.4894133806228638,"orthographic":true}