{"cameraMode":{"drawMode":0,"name":"Shaded","section":"Shading Mode"},"sceneLighting":true,"audioPlay":false,"sceneViewState":{"showFog":true,"showMaterialUpdate":true,"showSkybox":true,"showFlares":true,"showImageEffects":true,"showParticleSystems":true},"in2DMode":false,"pivot":{"x":617.9151000976563,"y":46.42753601074219,"z":142.8221435546875},"rotation":{"x":0.20085276663303376,"y":-0.156468465924263,"z":0.032516855746507648,"w":0.9665001630783081},"size":178.93283081054688,"orthographic":false}