{"cameraMode":{"drawMode":0,"name":"Shaded","section":"Shading Mode"},"sceneLighting":true,"audioPlay":false,"sceneViewState":{"showFog":true,"showMaterialUpdate":true,"showSkybox":true,"showFlares":true,"showImageEffects":true,"showParticleSystems":true},"in2DMode":false,"pivot":{"x":467.97723388671877,"y":-105.83702850341797,"z":73.5160903930664},"rotation":{"x":0.27615007758140566,"y":-0.06740278005599976,"z":0.019477779045701028,"w":0.9585545659065247},"size":431.449462890625,"orthographic":false}