{"cameraMode":{"drawMode":0,"name":"Shaded","section":"Shading Mode"},"sceneLighting":true,"audioPlay":false,"sceneViewState":{"showFog":false,"showMaterialUpdate":false,"showSkybox":true,"showFlares":true,"showImageEffects":true,"showParticleSystems":true},"in2DMode":false,"pivot":{"x":510.61322021484377,"y":11.497501373291016,"z":580.5185546875},"rotation":{"x":-0.4255388677120209,"y":0.0032328639645129444,"z":-0.0008412222377955914,"w":-0.9050657749176025},"size":485.22503662109377,"orthographic":true}