{"cameraMode":{"drawMode":0,"name":"Shaded","section":"Shading Mode"},"sceneLighting":true,"audioPlay":false,"sceneViewState":{"showFog":true,"showMaterialUpdate":true,"showSkybox":true,"showFlares":true,"showImageEffects":true,"showParticleSystems":true},"in2DMode":false,"pivot":{"x":6.382766246795654,"y":1.5305652618408204,"z":-13.737519264221192},"rotation":{"x":0.03892532363533974,"y":0.7724563479423523,"z":-0.04756376892328262,"w":0.6320958733558655},"size":3.7529518604278566,"orthographic":false}