{"cameraMode":{"drawMode":0,"name":"Shaded","section":"Shading Mode"},"sceneLighting":true,"audioPlay":false,"sceneViewState":{"showFog":true,"showMaterialUpdate":true,"showSkybox":true,"showFlares":true,"showImageEffects":true,"showParticleSystems":true},"in2DMode":false,"pivot":{"x":-5.772190093994141,"y":12.53085708618164,"z":-11.653526306152344},"rotation":{"x":0.07210347056388855,"y":0.7957710027694702,"z":-0.09667723625898361,"w":0.593471884727478},"size":11.09200382232666,"orthographic":false}