{"cameraMode":{"drawMode":0,"name":"Shaded","section":"Shading Mode"},"sceneLighting":true,"audioPlay":false,"sceneViewState":{"showFog":true,"showMaterialUpdate":true,"showSkybox":true,"showFlares":true,"showImageEffects":true,"showParticleSystems":true},"in2DMode":false,"pivot":{"x":7.3030686378479,"y":0.07535235583782196,"z":-3.076744794845581},"rotation":{"x":0.20691479742527009,"y":0.02700108103454113,"z":-0.005712286103516817,"w":0.9779743552207947},"size":3.61857008934021,"orthographic":false}