{"cameraMode":{"drawMode":0,"name":"Shaded","section":"Shading Mode"},"sceneLighting":true,"audioPlay":false,"sceneViewState":{"showFog":true,"showMaterialUpdate":true,"showSkybox":true,"showFlares":true,"showImageEffects":true,"showParticleSystems":true},"in2DMode":false,"pivot":{"x":5.980000019073486,"y":0.4399999976158142,"z":-7.389999866485596},"rotation":{"x":0.28509390354156496,"y":0.3315770924091339,"z":-0.10584372282028198,"w":0.8930758833885193},"size":2.7999966144561769,"orthographic":false}