{"cameraMode":{"drawMode":0,"name":"Shaded","section":"Shading Mode"},"sceneLighting":true,"audioPlay":false,"sceneViewState":{"showFog":true,"showMaterialUpdate":true,"showSkybox":true,"showFlares":true,"showImageEffects":true,"showParticleSystems":true},"in2DMode":false,"pivot":{"x":5.844355583190918,"y":1.4709150791168213,"z":-13.303176879882813},"rotation":{"x":0.14005334675312043,"y":0.6884851455688477,"z":-0.1381266564130783,"w":0.6980714797973633},"size":1.923325538635254,"orthographic":true}