{"cameraMode":{"drawMode":0,"name":"Shaded","section":"Shading Mode"},"sceneLighting":true,"audioPlay":false,"sceneViewState":{"showFog":true,"showMaterialUpdate":true,"showSkybox":true,"showFlares":true,"showImageEffects":true,"showParticleSystems":true},"in2DMode":false,"pivot":{"x":5.0826568603515629,"y":-2.363844871520996,"z":-11.857558250427246},"rotation":{"x":-0.12635089457035066,"y":0.8691873550415039,"z":-0.3819170892238617,"w":-0.2875576317310333},"size":7.0526652336120609,"orthographic":false}