{"cameraMode":{"drawMode":0,"name":"Shaded","section":"Shading Mode"},"sceneLighting":true,"audioPlay":false,"sceneViewState":{"showFog":true,"showMaterialUpdate":true,"showSkybox":true,"showFlares":true,"showImageEffects":true,"showParticleSystems":true},"in2DMode":false,"pivot":{"x":-2.014413833618164,"y":-1.2145707607269288,"z":-9.242837905883789},"rotation":{"x":-0.16397921741008759,"y":0.7509376406669617,"z":-0.20298494398593903,"w":-0.6066338419914246},"size":2.737365961074829,"orthographic":false}