{"cameraMode":{"drawMode":0,"name":"Shaded","section":"Shading Mode"},"sceneLighting":true,"audioPlay":false,"sceneViewState":{"showFog":true,"showMaterialUpdate":true,"showSkybox":true,"showFlares":true,"showImageEffects":true,"showParticleSystems":true},"in2DMode":false,"pivot":{"x":9.005900382995606,"y":0.041571855545043948,"z":-2.666109323501587},"rotation":{"x":0.4185071289539337,"y":0.5640904903411865,"z":-0.4017685055732727,"w":0.5875816345214844},"size":6.314416885375977,"orthographic":false}