{"cameraMode":{"drawMode":0,"name":"Shaded","section":"Shading Mode"},"sceneLighting":true,"audioPlay":false,"sceneViewState":{"showFog":true,"showMaterialUpdate":true,"showSkybox":true,"showFlares":true,"showImageEffects":true,"showParticleSystems":true},"in2DMode":false,"pivot":{"x":15.372518539428711,"y":4.463113784790039,"z":-1.4737052917480469},"rotation":{"x":0.38233688473701479,"y":0.11184956878423691,"z":-0.04668441042304039,"w":0.9160414338111877},"size":14.720771789550782,"orthographic":false}