{"cameraMode":{"drawMode":0,"name":"Shaded","section":"Shading Mode"},"sceneLighting":true,"audioPlay":false,"sceneViewState":{"showFog":false,"showMaterialUpdate":false,"showSkybox":true,"showFlares":true,"showImageEffects":true,"showParticleSystems":true},"in2DMode":false,"pivot":{"x":550.7999877929688,"y":42.995426177978519,"z":175.84996032714845},"rotation":{"x":0.7330925464630127,"y":0.025378132238984109,"z":-0.027987634763121606,"w":0.6792728304862976},"size":909.9345703125,"orthographic":true}