{"cameraMode":{"drawMode":0,"name":"Shaded","section":"Shading Mode"},"sceneLighting":false,"audioPlay":false,"sceneViewState":{"showFog":true,"showMaterialUpdate":true,"showSkybox":false,"showFlares":true,"showImageEffects":true,"showParticleSystems":true},"in2DMode":false,"pivot":{"x":0.0018548965454101563,"y":2.0145344734191896,"z":-0.6552805304527283},"rotation":{"x":-0.021784741431474687,"y":-0.9701382517814636,"z":0.2220386564731598,"w":-0.09518744796514511},"size":1.9163997173309327,"orthographic":true}