{"cameraMode":{"drawMode":0,"name":"Shaded","section":"Shading Mode"},"sceneLighting":true,"audioPlay":false,"sceneViewState":{"showFog":true,"showMaterialUpdate":true,"showSkybox":true,"showFlares":true,"showImageEffects":true,"showParticleSystems":true},"in2DMode":false,"pivot":{"x":4.934375762939453,"y":2.364713191986084,"z":-12.358166694641114},"rotation":{"x":-0.12806785106658936,"y":0.8614088892936707,"z":-0.412291944026947,"w":-0.2676050066947937},"size":2.3132944107055666,"orthographic":true}