{"cameraMode":{"drawMode":0,"name":"Shaded","section":"Shading Mode"},"sceneLighting":true,"audioPlay":false,"sceneViewState":{"showFog":true,"showMaterialUpdate":true,"showSkybox":true,"showFlares":true,"showImageEffects":true,"showParticleSystems":true},"in2DMode":false,"pivot":{"x":8.245970726013184,"y":-0.28251004219055178,"z":-9.807673454284668},"rotation":{"x":0.19896984100341798,"y":-0.029395202174782754,"z":0.0059708887711167339,"w":0.9795467257499695},"size":1.327172040939331,"orthographic":true}