{"cameraMode":{"drawMode":0,"name":"Shaded","section":"Shading Mode"},"sceneLighting":true,"audioPlay":false,"sceneViewState":{"showFog":true,"showMaterialUpdate":false,"showSkybox":true,"showFlares":true,"showImageEffects":true,"showParticleSystems":true},"in2DMode":false,"pivot":{"x":6.397806167602539,"y":2.9502453804016115,"z":3.398775577545166},"rotation":{"x":0.40139341354370119,"y":0.5822635889053345,"z":-0.4024333357810974,"w":0.5814170241355896},"size":3.011042356491089,"orthographic":true}