{"cameraMode":{"drawMode":0,"name":"Shaded","section":"Shading Mode"},"sceneLighting":true,"audioPlay":false,"sceneViewState":{"showFog":true,"showMaterialUpdate":true,"showSkybox":true,"showFlares":true,"showImageEffects":true,"showParticleSystems":true},"in2DMode":false,"pivot":{"x":10.325202941894532,"y":2.0032293796539308,"z":-3.1060028076171877},"rotation":{"x":0.11771964281797409,"y":-0.09162040799856186,"z":0.010908614844083786,"w":0.9887607097625732},"size":1.1525613069534302,"orthographic":false}