{"cameraMode":{"drawMode":0,"name":"Shaded","section":"Shading Mode"},"sceneLighting":true,"audioPlay":false,"sceneViewState":{"showFog":true,"showMaterialUpdate":true,"showSkybox":true,"showFlares":true,"showImageEffects":true,"showParticleSystems":true},"in2DMode":false,"pivot":{"x":7.175856590270996,"y":2.6601033210754396,"z":-9.648832321166993},"rotation":{"x":-0.003076549619436264,"y":-0.9948067665100098,"z":0.09669750928878784,"w":-0.031649328768253329},"size":2.9734697341918947,"orthographic":true}