{"cameraMode":{"drawMode":0,"name":"Shaded","section":"Shading Mode"},"sceneLighting":true,"audioPlay":false,"sceneViewState":{"showFog":true,"showMaterialUpdate":false,"showSkybox":true,"showFlares":true,"showImageEffects":true,"showParticleSystems":true},"in2DMode":false,"pivot":{"x":8.122089385986329,"y":1.483419418334961,"z":-3.1705856323242189},"rotation":{"x":-0.13868030905723573,"y":-0.06788899004459381,"z":0.010349471122026444,"w":-0.9880644083023071},"size":3.1246795654296877,"orthographic":true}