{"cameraMode":{"drawMode":0,"name":"Shaded","section":"Shading Mode"},"sceneLighting":true,"audioPlay":false,"sceneViewState":{"showFog":true,"showMaterialUpdate":true,"showSkybox":true,"showFlares":true,"showImageEffects":true,"showParticleSystems":true},"in2DMode":false,"pivot":{"x":7.26310920715332,"y":2.1833503246307375,"z":-0.9433715343475342},"rotation":{"x":-0.03243792802095413,"y":-0.18276505172252656,"z":-0.006032977253198624,"w":0.9826109409332275},"size":3.338172197341919,"orthographic":false}