{"cameraMode":{"drawMode":0,"name":"Shaded","section":"Shading Mode"},"sceneLighting":true,"audioPlay":false,"sceneViewState":{"showFog":true,"showMaterialUpdate":true,"showSkybox":true,"showFlares":true,"showImageEffects":true,"showParticleSystems":true},"in2DMode":false,"pivot":{"x":499.11444091796877,"y":56.68724822998047,"z":-89.33706665039063},"rotation":{"x":0.2539747655391693,"y":0.13783898949623109,"z":-0.03659413009881973,"w":0.95663982629776},"size":83.23043060302735,"orthographic":false}