{"cameraMode":{"drawMode":0,"name":"Shaded","section":"Shading Mode"},"sceneLighting":true,"audioPlay":false,"sceneViewState":{"showFog":true,"showMaterialUpdate":true,"showSkybox":true,"showFlares":true,"showImageEffects":true,"showParticleSystems":true},"in2DMode":false,"pivot":{"x":487.8906555175781,"y":-72.93672180175781,"z":20.32187271118164},"rotation":{"x":0.20410029590129853,"y":-0.6907674670219421,"z":0.21372656524181367,"w":0.6599663496017456},"size":173.4930877685547,"orthographic":false}