{"cameraMode":{"drawMode":0,"name":"Shaded","section":"Shading Mode"},"sceneLighting":true,"audioPlay":false,"sceneViewState":{"showFog":true,"showMaterialUpdate":true,"showSkybox":true,"showFlares":true,"showImageEffects":true,"showParticleSystems":true},"in2DMode":false,"pivot":{"x":2.9287109375,"y":2.685497999191284,"z":-4.565782070159912},"rotation":{"x":0.1282479614019394,"y":0.13934949040412904,"z":-0.018203113228082658,"w":0.981735110282898},"size":3.2449076175689699,"orthographic":false}