{"cameraMode":{"drawMode":0,"name":"Shaded","section":"Shading Mode"},"sceneLighting":false,"audioPlay":false,"sceneViewState":{"showFog":true,"showMaterialUpdate":true,"showSkybox":false,"showFlares":true,"showImageEffects":true,"showParticleSystems":true},"in2DMode":false,"pivot":{"x":-0.00000762939453125,"y":38.53618240356445,"z":0.0},"rotation":{"x":0.09053637832403183,"y":0.13462311029434205,"z":-0.01233784481883049,"w":0.9866940975189209},"size":136.99981689453126,"orthographic":false}