{"cameraMode":{"drawMode":0,"name":"Shaded","section":"Shading Mode"},"sceneLighting":true,"audioPlay":false,"sceneViewState":{"showFog":true,"showMaterialUpdate":true,"showSkybox":true,"showFlares":true,"showImageEffects":true,"showParticleSystems":true},"in2DMode":false,"pivot":{"x":3.770536422729492,"y":0.6803860664367676,"z":-1.2965850830078126},"rotation":{"x":0.6373587846755981,"y":-0.024951206520199777,"z":0.02065650001168251,"w":0.7698865532875061},"size":1.8795676231384278,"orthographic":false}