{"cameraMode":{"drawMode":0,"name":"Shaded","section":"Shading Mode"},"sceneLighting":true,"audioPlay":false,"sceneViewState":{"showFog":true,"showMaterialUpdate":true,"showSkybox":true,"showFlares":true,"showImageEffects":true,"showParticleSystems":true},"in2DMode":false,"pivot":{"x":4.056720733642578,"y":2.2799370288848879,"z":-2.068351984024048},"rotation":{"x":0.2690405249595642,"y":0.004335700534284115,"z":-0.0012069240910932422,"w":0.9631215929985046},"size":2.4144163131713869,"orthographic":false}