{"cameraMode":{"drawMode":0,"name":"Shaded","section":"Shading Mode"},"sceneLighting":true,"audioPlay":false,"sceneViewState":{"showFog":true,"showMaterialUpdate":true,"showSkybox":true,"showFlares":true,"showImageEffects":true,"showParticleSystems":true},"in2DMode":false,"pivot":{"x":6.410084247589111,"y":-2.4859066009521486,"z":-0.31999969482421877},"rotation":{"x":0.3446801006793976,"y":-0.001408090116456151,"z":0.0005170603981241584,"w":0.9387199878692627},"size":8.49794864654541,"orthographic":false}