{"cameraMode":{"drawMode":0,"name":"Shaded","section":"Shading Mode"},"sceneLighting":true,"audioPlay":false,"sceneViewState":{"showFog":true,"showMaterialUpdate":true,"showSkybox":true,"showFlares":true,"showImageEffects":true,"showParticleSystems":true},"in2DMode":false,"pivot":{"x":624.8857421875,"y":6.066009521484375,"z":-40.94287109375},"rotation":{"x":0.5269560813903809,"y":0.004654328338801861,"z":-0.0027406439185142519,"w":0.8499221801757813},"size":399.60736083984377,"orthographic":true}