{"cameraMode":{"drawMode":0,"name":"Shaded","section":"Shading Mode"},"sceneLighting":false,"audioPlay":false,"sceneViewState":{"showFog":true,"showMaterialUpdate":true,"showSkybox":false,"showFlares":true,"showImageEffects":true,"showParticleSystems":true},"in2DMode":false,"pivot":{"x":0.30388784408569338,"y":8.446211814880371,"z":0.351839542388916},"rotation":{"x":0.6373587846755981,"y":-0.024951206520199777,"z":0.02065650001168251,"w":0.7698865532875061},"size":7.932400226593018,"orthographic":false}