{"cameraMode":{"drawMode":0,"name":"Shaded","section":"Shading Mode"},"sceneLighting":true,"audioPlay":false,"sceneViewState":{"showFog":true,"showMaterialUpdate":true,"showSkybox":true,"showFlares":true,"showImageEffects":true,"showParticleSystems":true},"in2DMode":false,"pivot":{"x":9.02621841430664,"y":1.245032787322998,"z":-0.6826121807098389},"rotation":{"x":0.2751409709453583,"y":0.08637949079275131,"z":-0.024837052449584008,"w":0.9572035670280457},"size":4.177084922790527,"orthographic":false}