{"cameraMode":{"drawMode":0,"name":"Shaded","section":"Shading Mode"},"sceneLighting":false,"audioPlay":false,"sceneViewState":{"showFog":true,"showMaterialUpdate":true,"showSkybox":false,"showFlares":true,"showImageEffects":true,"showParticleSystems":true},"in2DMode":false,"pivot":{"x":0.0,"y":3.1042726039886476,"z":-2.0450456142425539},"rotation":{"x":-0.021784741431474687,"y":-0.9701382517814636,"z":0.2220386564731598,"w":-0.09518744796514511},"size":3.835040807723999,"orthographic":true}