{"cameraMode":{"drawMode":0,"name":"Shaded","section":"Shading Mode"},"sceneLighting":false,"audioPlay":false,"sceneViewState":{"showFog":true,"showMaterialUpdate":true,"showSkybox":false,"showFlares":true,"showImageEffects":true,"showParticleSystems":true},"in2DMode":false,"pivot":{"x":-8.007377624511719,"y":1.297593116760254,"z":-4.579999923706055},"rotation":{"x":0.27615007758140566,"y":-0.06740278005599976,"z":0.019477779045701028,"w":0.9585545659065247},"size":3.3552322387695314,"orthographic":false}