{"cameraMode":{"drawMode":0,"name":"Shaded","section":"Shading Mode"},"sceneLighting":true,"audioPlay":false,"sceneViewState":{"showFog":true,"showMaterialUpdate":true,"showSkybox":true,"showFlares":true,"showImageEffects":true,"showParticleSystems":true},"in2DMode":false,"pivot":{"x":7.466761589050293,"y":1.5506285429000855,"z":-1.4663724899291993},"rotation":{"x":0.14473268389701844,"y":-0.058736272156238559,"z":0.008607647381722927,"w":0.9876974821090698},"size":4.2381720542907719,"orthographic":false}