{"cameraMode":{"drawMode":0,"name":"Shaded","section":"Shading Mode"},"sceneLighting":true,"audioPlay":false,"sceneViewState":{"showFog":true,"showMaterialUpdate":true,"showSkybox":true,"showFlares":true,"showImageEffects":true,"showParticleSystems":true},"in2DMode":false,"pivot":{"x":668.254638671875,"y":72.35578918457031,"z":-188.10061645507813},"rotation":{"x":-0.018000468611717225,"y":-0.00030670512933284044,"z":-0.00012191332643851638,"w":-0.9998874664306641},"size":165.35389709472657,"orthographic":true}