{"cameraMode":{"drawMode":0,"name":"Shaded","section":"Shading Mode"},"sceneLighting":false,"audioPlay":false,"sceneViewState":{"showFog":true,"showMaterialUpdate":true,"showSkybox":false,"showFlares":true,"showImageEffects":true,"showParticleSystems":true},"in2DMode":false,"pivot":{"x":-10.506457328796387,"y":-5.523026466369629,"z":-1.613624095916748},"rotation":{"x":-0.19587263464927674,"y":0.7859827876091003,"z":-0.3088374137878418,"w":-0.4984872043132782},"size":0.4351239502429962,"orthographic":true}