{"cameraMode":{"drawMode":0,"name":"Shaded","section":"Shading Mode"},"sceneLighting":true,"audioPlay":false,"sceneViewState":{"showFog":true,"showMaterialUpdate":true,"showSkybox":true,"showFlares":true,"showImageEffects":true,"showParticleSystems":true},"in2DMode":false,"pivot":{"x":3.97418212890625,"y":2.5594482421875,"z":-8.28076171875},"rotation":{"x":0.07128724455833435,"y":-0.03739571198821068,"z":0.002674522576853633,"w":0.9967514276504517},"size":2.537248134613037,"orthographic":true}