{"cameraMode":{"drawMode":0,"name":"Shaded","section":"Shading Mode"},"sceneLighting":true,"audioPlay":false,"sceneViewState":{"showFog":false,"showMaterialUpdate":false,"showSkybox":true,"showFlares":true,"showImageEffects":true,"showParticleSystems":true},"in2DMode":false,"pivot":{"x":495.951416015625,"y":-22.057926177978517,"z":284.7906494140625},"rotation":{"x":0.5011734962463379,"y":-0.010904529131948948,"z":0.006316044367849827,"w":0.8652551770210266},"size":354.4007568359375,"orthographic":false}