{"cameraMode":{"drawMode":0,"name":"Shaded","section":"Shading Mode"},"sceneLighting":true,"audioPlay":false,"sceneViewState":{"showFog":true,"showMaterialUpdate":true,"showSkybox":true,"showFlares":true,"showImageEffects":true,"showParticleSystems":true},"in2DMode":false,"pivot":{"x":4.056720733642578,"y":2.2799370288848879,"z":-2.068351984024048},"rotation":{"x":0.09032928198575974,"y":-0.5352693200111389,"z":0.05771477147936821,"w":0.8378604650497437},"size":5.414416313171387,"orthographic":false}