{"cameraMode":{"drawMode":0,"name":"Shaded","section":"Shading Mode"},"sceneLighting":false,"audioPlay":false,"sceneViewState":{"showFog":false,"showMaterialUpdate":false,"showSkybox":false,"showFlares":true,"showImageEffects":true,"showParticleSystems":true},"in2DMode":false,"pivot":{"x":5.5963239669799809,"y":8.192936897277832,"z":-4.260000705718994},"rotation":{"x":-0.3359898626804352,"y":-0.2682003080844879,"z":0.10123925656080246,"w":-0.8973042964935303},"size":11.307043075561524,"orthographic":true}