{"cameraMode":{"drawMode":0,"name":"Shaded","section":"Shading Mode"},"sceneLighting":true,"audioPlay":false,"sceneViewState":{"showFog":true,"showMaterialUpdate":true,"showSkybox":true,"showFlares":true,"showImageEffects":true,"showParticleSystems":true},"in2DMode":false,"pivot":{"x":6.22045373916626,"y":0.7999999523162842,"z":-7.0},"rotation":{"x":0.3215128183364868,"y":0.07856839895248413,"z":-0.02678006887435913,"w":0.9432677030563355},"size":3.2477149963378908,"orthographic":false}