{"cameraMode":{"drawMode":0,"name":"Shaded","section":"Shading Mode"},"sceneLighting":true,"audioPlay":false,"sceneViewState":{"showFog":true,"showMaterialUpdate":true,"showSkybox":true,"showFlares":true,"showImageEffects":true,"showParticleSystems":true},"in2DMode":false,"pivot":{"x":3.881089448928833,"y":-1.9543561935424805,"z":-1.4392118453979493},"rotation":{"x":0.35017868876457217,"y":0.025286130607128145,"z":-0.009456945583224297,"w":0.936294436454773},"size":8.065852165222168,"orthographic":false}