{"cameraMode":{"drawMode":0,"name":"Shaded","section":"Shading Mode"},"sceneLighting":false,"audioPlay":false,"sceneViewState":{"showFog":true,"showMaterialUpdate":false,"showSkybox":true,"showFlares":true,"showImageEffects":true,"showParticleSystems":true},"in2DMode":false,"pivot":{"x":5.2698974609375,"y":1.1729528903961182,"z":-10.144078254699707},"rotation":{"x":0.0678497850894928,"y":-0.6155449151992798,"z":0.05331594496965408,"w":0.783370316028595},"size":2.1247448921203615,"orthographic":false}