{"cameraMode":{"drawMode":0,"name":"Shaded","section":"Shading Mode"},"sceneLighting":false,"audioPlay":false,"sceneViewState":{"showFog":false,"showMaterialUpdate":false,"showSkybox":true,"showFlares":false,"showImageEffects":false,"showParticleSystems":false},"in2DMode":false,"pivot":{"x":10.527664184570313,"y":1.6962761878967286,"z":-4.688930034637451},"rotation":{"x":0.17650572955608369,"y":0.39873674511909487,"z":-0.07850544154644013,"w":0.8964915871620178},"size":2.1296470165252687,"orthographic":true}