{"cameraMode":{"drawMode":0,"name":"Shaded","section":"Shading Mode"},"sceneLighting":false,"audioPlay":false,"sceneViewState":{"showFog":false,"showMaterialUpdate":false,"showSkybox":true,"showFlares":false,"showImageEffects":false,"showParticleSystems":false},"in2DMode":false,"pivot":{"x":542.1436157226563,"y":-27.660873413085939,"z":-80.32066345214844},"rotation":{"x":-0.23269760608673097,"y":0.01953914761543274,"z":-0.0046765729784965519,"w":-0.9723456501960754},"size":335.37750244140627,"orthographic":false}