{"cameraMode":{"drawMode":0,"name":"Shaded","section":"Shading Mode"},"sceneLighting":true,"audioPlay":false,"sceneViewState":{"showFog":true,"showMaterialUpdate":false,"showSkybox":true,"showFlares":true,"showImageEffects":true,"showParticleSystems":true},"in2DMode":false,"pivot":{"x":8.478706359863282,"y":-55.7200927734375,"z":43.12041091918945},"rotation":{"x":0.473173588514328,"y":-0.0052841962315142159,"z":0.0028412851970642807,"w":0.8809524178504944},"size":95.76908874511719,"orthographic":false}