{"cameraMode":{"drawMode":0,"name":"Shaded","section":"Shading Mode"},"sceneLighting":false,"audioPlay":false,"sceneViewState":{"showFog":false,"showMaterialUpdate":false,"showSkybox":true,"showFlares":false,"showImageEffects":false,"showParticleSystems":false},"in2DMode":false,"pivot":{"x":2.7959671020507814,"y":4.283203125,"z":-5.321131229400635},"rotation":{"x":0.17650572955608369,"y":0.39873674511909487,"z":-0.07850544154644013,"w":0.8964915871620178},"size":2.376565933227539,"orthographic":true}