{"cameraMode":{"drawMode":0,"name":"Shaded","section":"Shading Mode"},"sceneLighting":true,"audioPlay":false,"sceneViewState":{"showFog":false,"showMaterialUpdate":false,"showSkybox":true,"showFlares":false,"showImageEffects":false,"showParticleSystems":false},"in2DMode":false,"pivot":{"x":6.524451732635498,"y":0.6129999160766602,"z":-2.5799999237060549},"rotation":{"x":0.06268513202667237,"y":0.8089180588722229,"z":-0.08769472688436508,"w":0.5780085921287537},"size":5.543212890625,"orthographic":false}