{"cameraMode":{"drawMode":0,"name":"Shaded","section":"Shading Mode"},"sceneLighting":true,"audioPlay":false,"sceneViewState":{"showFog":false,"showMaterialUpdate":false,"showSkybox":true,"showFlares":false,"showImageEffects":false,"showParticleSystems":false},"in2DMode":false,"pivot":{"x":6.410999298095703,"y":3.635000228881836,"z":-13.402999877929688},"rotation":{"x":0.06268513202667237,"y":0.8089180588722229,"z":-0.08769472688436508,"w":0.5780085921287537},"size":6.0621771812438969,"orthographic":false}