{"cameraMode":{"drawMode":0,"name":"Shaded","section":"Shading Mode"},"sceneLighting":true,"audioPlay":false,"sceneViewState":{"showFog":false,"showMaterialUpdate":false,"showSkybox":true,"showFlares":false,"showImageEffects":false,"showParticleSystems":false},"in2DMode":false,"pivot":{"x":616.9564819335938,"y":45.557037353515628,"z":-159.01181030273438},"rotation":{"x":0.33329519629478457,"y":-0.022624751552939416,"z":0.008000616915524006,"w":0.9425169825553894},"size":203.32008361816407,"orthographic":false}