{"cameraMode":{"drawMode":0,"name":"Shaded","section":"Shading Mode"},"sceneLighting":false,"audioPlay":false,"sceneViewState":{"showFog":false,"showMaterialUpdate":false,"showSkybox":true,"showFlares":false,"showImageEffects":false,"showParticleSystems":false},"in2DMode":false,"pivot":{"x":547.2453002929688,"y":132.99818420410157,"z":-197.49566650390626},"rotation":{"x":-0.012072366662323475,"y":-0.9866728782653809,"z":0.08695084601640701,"w":-0.13705046474933625},"size":0.5842865705490112,"orthographic":false}