{"cameraMode":{"drawMode":0,"name":"Shaded","section":"Shading Mode"},"sceneLighting":false,"audioPlay":false,"sceneViewState":{"showFog":true,"showMaterialUpdate":false,"showSkybox":true,"showFlares":true,"showImageEffects":true,"showParticleSystems":true},"in2DMode":false,"pivot":{"x":425.6942138671875,"y":24.899169921875,"z":18.87725830078125},"rotation":{"x":0.025708243250846864,"y":-0.08626013994216919,"z":0.0022661348339170219,"w":0.9960034489631653},"size":266.87225341796877,"orthographic":false}