{"cameraMode":{"drawMode":0,"name":"Shaded","section":"Shading Mode"},"sceneLighting":true,"audioPlay":false,"sceneViewState":{"showFog":false,"showMaterialUpdate":false,"showSkybox":true,"showFlares":false,"showImageEffects":false,"showParticleSystems":false},"in2DMode":false,"pivot":{"x":6.766494274139404,"y":0.7998919486999512,"z":-4.8083086013793949},"rotation":{"x":0.5571035742759705,"y":-0.014946001581847668,"z":0.010030255652964116,"w":0.8302533030509949},"size":13.707006454467774,"orthographic":false}