{"cameraMode":{"drawMode":0,"name":"Shaded","section":"Shading Mode"},"sceneLighting":false,"audioPlay":false,"sceneViewState":{"showFog":false,"showMaterialUpdate":false,"showSkybox":true,"showFlares":false,"showImageEffects":false,"showParticleSystems":false},"in2DMode":false,"pivot":{"x":4.93328857421875,"y":1.25732421875,"z":11.28466796875},"rotation":{"x":0.4319278597831726,"y":-0.036540400236845019,"z":0.01744820922613144,"w":0.9010436534881592},"size":2.8719990253448488,"orthographic":true}