{"cameraMode":{"drawMode":0,"name":"Shaded","section":"Shading Mode"},"sceneLighting":true,"audioPlay":false,"sceneViewState":{"showFog":false,"showMaterialUpdate":false,"showSkybox":true,"showFlares":false,"showImageEffects":false,"showParticleSystems":false},"in2DMode":false,"pivot":{"x":545.4894409179688,"y":-59.55799865722656,"z":-223.92221069335938},"rotation":{"x":0.5101077556610107,"y":0.4807127118110657,"z":-0.5673795342445374,"w":0.43219220638275149},"size":326.6372985839844,"orthographic":false}