{"cameraMode":{"drawMode":0,"name":"Shaded","section":"Shading Mode"},"sceneLighting":false,"audioPlay":false,"sceneViewState":{"showFog":false,"showMaterialUpdate":false,"showSkybox":true,"showFlares":false,"showImageEffects":false,"showParticleSystems":false},"in2DMode":false,"pivot":{"x":517.9711303710938,"y":42.90467071533203,"z":-20.987991333007814},"rotation":{"x":0.07479753345251084,"y":-0.857574999332428,"z":0.1303981989622116,"w":0.49192172288894656},"size":2.3813529014587404,"orthographic":false}