{"cameraMode":{"drawMode":0,"name":"Shaded","section":"Shading Mode"},"sceneLighting":false,"audioPlay":false,"sceneViewState":{"showFog":false,"showMaterialUpdate":false,"showSkybox":true,"showFlares":false,"showImageEffects":false,"showParticleSystems":false},"in2DMode":false,"pivot":{"x":0.6869615316390991,"y":2.017029047012329,"z":5.484861373901367},"rotation":{"x":-0.24613341689109803,"y":-0.6918854117393494,"z":0.27425533533096316,"w":-0.6209052205085754},"size":2.936140298843384,"orthographic":false}