{"cameraMode":{"drawMode":0,"name":"Shaded","section":"Shading Mode"},"sceneLighting":false,"audioPlay":false,"sceneViewState":{"showFog":true,"showMaterialUpdate":false,"showSkybox":true,"showFlares":true,"showImageEffects":true,"showParticleSystems":true},"in2DMode":false,"pivot":{"x":491.2511901855469,"y":165.9998321533203,"z":108.84770202636719},"rotation":{"x":0.09164890646934509,"y":-0.02776976488530636,"z":0.002576185157522559,"w":0.9954599142074585},"size":566.935791015625,"orthographic":false}