{"cameraMode":{"drawMode":0,"name":"Shaded","section":"Shading Mode"},"sceneLighting":false,"audioPlay":false,"sceneViewState":{"showFog":false,"showMaterialUpdate":false,"showSkybox":true,"showFlares":false,"showImageEffects":false,"showParticleSystems":false},"in2DMode":false,"pivot":{"x":0.898675799369812,"y":0.655280590057373,"z":5.222072124481201},"rotation":{"x":0.4470638632774353,"y":0.5459031462669373,"z":-0.4383069574832916,"w":0.5568270683288574},"size":5.522890090942383,"orthographic":true}