{"cameraMode":{"drawMode":0,"name":"Shaded","section":"Shading Mode"},"sceneLighting":true,"audioPlay":false,"sceneViewState":{"showFog":false,"showMaterialUpdate":false,"showSkybox":true,"showFlares":false,"showImageEffects":false,"showParticleSystems":false},"in2DMode":false,"pivot":{"x":7.722208499908447,"y":-1.4505200386047364,"z":-2.063662528991699},"rotation":{"x":0.4439467191696167,"y":0.04029865935444832,"z":-0.019990941509604455,"w":0.8949236869812012},"size":4.886167049407959,"orthographic":false}