{"cameraMode":{"drawMode":0,"name":"Shaded","section":"Shading Mode"},"sceneLighting":false,"audioPlay":false,"sceneViewState":{"showFog":false,"showMaterialUpdate":false,"showSkybox":true,"showFlares":false,"showImageEffects":false,"showParticleSystems":false},"in2DMode":false,"pivot":{"x":6.058160781860352,"y":4.436689376831055,"z":3.830159902572632},"rotation":{"x":0.19968527555465699,"y":-0.14780917763710023,"z":0.03048703633248806,"w":0.9681700468063355},"size":3.5622200965881349,"orthographic":true}