{"cameraMode":{"drawMode":0,"name":"Shaded","section":"Shading Mode"},"sceneLighting":false,"audioPlay":false,"sceneViewState":{"showFog":false,"showMaterialUpdate":false,"showSkybox":true,"showFlares":false,"showImageEffects":false,"showParticleSystems":false},"in2DMode":false,"pivot":{"x":9.011402130126954,"y":2.1151397228240969,"z":-2.76617431640625},"rotation":{"x":-0.28302863240242007,"y":-0.539946436882019,"z":0.19919094443321229,"w":-0.7672777771949768},"size":6.702722549438477,"orthographic":true}