{"cameraMode":{"drawMode":0,"name":"Shaded","section":"Shading Mode"},"sceneLighting":false,"audioPlay":false,"sceneViewState":{"showFog":false,"showMaterialUpdate":false,"showSkybox":true,"showFlares":false,"showImageEffects":false,"showParticleSystems":false},"in2DMode":false,"pivot":{"x":6.668628215789795,"y":0.6678740978240967,"z":-2.357666015625},"rotation":{"x":-0.2438381463289261,"y":-0.16175003349781037,"z":0.04129667580127716,"w":-0.9553598165512085},"size":4.922300815582275,"orthographic":true}