{"cameraMode":{"drawMode":0,"name":"Shaded","section":"Shading Mode"},"sceneLighting":false,"audioPlay":false,"sceneViewState":{"showFog":false,"showMaterialUpdate":false,"showSkybox":true,"showFlares":false,"showImageEffects":false,"showParticleSystems":false},"in2DMode":false,"pivot":{"x":6.75927734375,"y":3.2593994140625,"z":10.158203125},"rotation":{"x":-0.024399757385253907,"y":0.9406421780586243,"z":-0.06926188617944718,"w":-0.3313681185245514},"size":2.7401270866394045,"orthographic":true}