{"cameraMode":{"drawMode":0,"name":"Shaded","section":"Shading Mode"},"sceneLighting":false,"audioPlay":false,"sceneViewState":{"showFog":false,"showMaterialUpdate":false,"showSkybox":true,"showFlares":false,"showImageEffects":false,"showParticleSystems":false},"in2DMode":false,"pivot":{"x":563.1511840820313,"y":-156.80307006835938,"z":-66.82998657226563},"rotation":{"x":-0.3959561586380005,"y":-0.03388052061200142,"z":0.014619169756770134,"w":-0.917539119720459},"size":179.6235809326172,"orthographic":false}