{"cameraMode":{"drawMode":0,"name":"Shaded","section":"Shading Mode"},"sceneLighting":false,"audioPlay":false,"sceneViewState":{"showFog":false,"showMaterialUpdate":false,"showSkybox":true,"showFlares":false,"showImageEffects":false,"showParticleSystems":false},"in2DMode":false,"pivot":{"x":360.857421875,"y":-68.74813842773438,"z":78.60231018066406},"rotation":{"x":0.4256846010684967,"y":-0.048826806247234347,"z":0.023003946989774705,"w":0.9032764434814453},"size":81.47071838378906,"orthographic":false}