{"cameraMode":{"drawMode":0,"name":"Shaded","section":"Shading Mode"},"sceneLighting":true,"audioPlay":false,"sceneViewState":{"showFog":true,"showMaterialUpdate":false,"showSkybox":true,"showFlares":true,"showImageEffects":true,"showParticleSystems":true},"in2DMode":false,"pivot":{"x":6.566466331481934,"y":1.0723912715911866,"z":-3.884204864501953},"rotation":{"x":0.30775725841522219,"y":0.6118578910827637,"z":-0.2798495888710022,"w":0.6727785468101502},"size":2.970865488052368,"orthographic":false}