{"cameraMode":{"drawMode":0,"name":"Shaded","section":"Shading Mode"},"sceneLighting":false,"audioPlay":false,"sceneViewState":{"showFog":true,"showMaterialUpdate":false,"showSkybox":false,"showFlares":true,"showImageEffects":true,"showParticleSystems":true},"in2DMode":false,"pivot":{"x":-0.018387936055660249,"y":0.7226732969284058,"z":-0.514724612236023},"rotation":{"x":0.0022319634445011617,"y":0.9891946911811829,"z":-0.14585968852043153,"w":0.015131407417356968},"size":0.348638117313385,"orthographic":false}