{"cameraMode":{"drawMode":0,"name":"Shaded","section":"Shading Mode"},"sceneLighting":false,"audioPlay":false,"sceneViewState":{"showFog":true,"showMaterialUpdate":false,"showSkybox":true,"showFlares":true,"showImageEffects":true,"showParticleSystems":true},"in2DMode":false,"pivot":{"x":670.0746459960938,"y":-2029.677978515625,"z":664.3826904296875},"rotation":{"x":0.5716832876205444,"y":-0.06578392535448075,"z":0.046056151390075687,"w":0.8165467977523804},"size":1416.1297607421875,"orthographic":false}