{"cameraMode":{"drawMode":0,"name":"Shaded","section":"Shading Mode"},"sceneLighting":true,"audioPlay":false,"sceneViewState":{"showFog":false,"showMaterialUpdate":false,"showSkybox":true,"showFlares":false,"showImageEffects":false,"showParticleSystems":false},"in2DMode":false,"pivot":{"x":754.2548217773438,"y":20.800445556640626,"z":8.678909301757813},"rotation":{"x":0.19676382839679719,"y":0.08957142382860184,"z":-0.018054375424981118,"w":0.976188063621521},"size":196.26602172851563,"orthographic":false}