{"cameraMode":{"drawMode":0,"name":"Shaded","section":"Shading Mode"},"sceneLighting":true,"audioPlay":false,"sceneViewState":{"showFog":true,"showMaterialUpdate":false,"showSkybox":true,"showFlares":true,"showImageEffects":true,"showParticleSystems":true},"in2DMode":false,"pivot":{"x":6.502854347229004,"y":0.27055758237838747,"z":-11.819999694824219},"rotation":{"x":-0.32766643166542055,"y":0.2500322759151459,"z":-0.0903659537434578,"w":-0.9066157937049866},"size":4.169530391693115,"orthographic":false}