{"cameraMode":{"drawMode":0,"name":"Shaded","section":"Shading Mode"},"sceneLighting":false,"audioPlay":false,"sceneViewState":{"showFog":false,"showMaterialUpdate":false,"showSkybox":true,"showFlares":false,"showImageEffects":false,"showParticleSystems":false},"in2DMode":false,"pivot":{"x":7.480566024780273,"y":-1.2232117652893067,"z":-1.010352373123169},"rotation":{"x":0.27757689356803896,"y":0.028812618926167489,"z":-0.008336756378412247,"w":0.9602445363998413},"size":6.114069938659668,"orthographic":true}