{"cameraMode":{"drawMode":0,"name":"Shaded","section":"Shading Mode"},"sceneLighting":true,"audioPlay":false,"sceneViewState":{"showFog":true,"showMaterialUpdate":false,"showSkybox":true,"showFlares":true,"showImageEffects":true,"showParticleSystems":true},"in2DMode":false,"pivot":{"x":7.9471659660339359,"y":0.9323240518569946,"z":-3.166963577270508},"rotation":{"x":0.32468080520629885,"y":0.12856286764144898,"z":-0.04459390789270401,"w":0.9359870553016663},"size":1.1479454040527344,"orthographic":false}