{"cameraMode":{"drawMode":0,"name":"Shaded","section":"Shading Mode"},"sceneLighting":true,"audioPlay":false,"sceneViewState":{"showFog":true,"showMaterialUpdate":false,"showSkybox":true,"showFlares":true,"showImageEffects":true,"showParticleSystems":true},"in2DMode":false,"pivot":{"x":6.609999656677246,"y":0.5339999794960022,"z":-1.2900002002716065},"rotation":{"x":0.3801940977573395,"y":-0.03549377620220184,"z":0.014602362178266049,"w":0.9241096377372742},"size":2.3519954681396486,"orthographic":false}