{"cameraMode":{"drawMode":0,"name":"Shaded","section":"Shading Mode"},"sceneLighting":true,"audioPlay":false,"sceneViewState":{"showFog":false,"showMaterialUpdate":false,"showSkybox":true,"showFlares":false,"showImageEffects":false,"showParticleSystems":false},"in2DMode":false,"pivot":{"x":545.4894409179688,"y":-59.55799865722656,"z":-223.92221069335938},"rotation":{"x":0.08250447362661362,"y":0.7808634042739868,"z":-0.1055825799703598,"w":0.6101667284965515},"size":437.3038635253906,"orthographic":false}