{"cameraMode":{"drawMode":0,"name":"Shaded","section":"Shading Mode"},"sceneLighting":true,"audioPlay":false,"sceneViewState":{"showFog":false,"showMaterialUpdate":false,"showSkybox":true,"showFlares":false,"showImageEffects":false,"showParticleSystems":false},"in2DMode":false,"pivot":{"x":10.720975875854493,"y":0.582999587059021,"z":-2.641601324081421},"rotation":{"x":0.3180863857269287,"y":-0.21089474856853486,"z":0.0728016048669815,"w":0.921437680721283},"size":5.206592082977295,"orthographic":false}