{"cameraMode":{"drawMode":0,"name":"Shaded","section":"Shading Mode"},"sceneLighting":false,"audioPlay":false,"sceneViewState":{"showFog":true,"showMaterialUpdate":false,"showSkybox":true,"showFlares":true,"showImageEffects":true,"showParticleSystems":true},"in2DMode":false,"pivot":{"x":13.919514656066895,"y":-0.392084538936615,"z":0.15005113184452058},"rotation":{"x":-0.1233922466635704,"y":-0.5822511315345764,"z":0.08996997773647309,"w":-0.7985419631004334},"size":5.032371997833252,"orthographic":false}