{"cameraMode":{"drawMode":0,"name":"Shaded","section":"Shading Mode"},"sceneLighting":false,"audioPlay":false,"sceneViewState":{"showFog":false,"showMaterialUpdate":false,"showSkybox":true,"showFlares":false,"showImageEffects":false,"showParticleSystems":false},"in2DMode":false,"pivot":{"x":684.2567138671875,"y":34.10399627685547,"z":-263.88037109375},"rotation":{"x":0.012030456215143204,"y":-0.6536459922790527,"z":0.01039210706949234,"w":0.756635844707489},"size":82.56465148925781,"orthographic":false}