{"cameraMode":{"drawMode":0,"name":"Shaded","section":"Shading Mode"},"sceneLighting":true,"audioPlay":false,"sceneViewState":{"showFog":true,"showMaterialUpdate":false,"showSkybox":true,"showFlares":true,"showImageEffects":true,"showParticleSystems":true},"in2DMode":false,"pivot":{"x":6.564650058746338,"y":1.6865358352661133,"z":-2.6021759510040285},"rotation":{"x":0.1745588183403015,"y":0.46433332562446597,"z":-0.09384112805128098,"w":0.863222062587738},"size":6.215416431427002,"orthographic":false}