{"cameraMode":{"drawMode":0,"name":"Shaded","section":"Shading Mode"},"sceneLighting":false,"audioPlay":false,"sceneViewState":{"showFog":false,"showMaterialUpdate":false,"showSkybox":true,"showFlares":false,"showImageEffects":false,"showParticleSystems":false},"in2DMode":false,"pivot":{"x":448.0111999511719,"y":21.75287628173828,"z":-55.02461242675781},"rotation":{"x":-0.11553832143545151,"y":0.7612780332565308,"z":-0.14136390388011933,"w":-0.6221956014633179},"size":62.09174346923828,"orthographic":false}