{"cameraMode":{"drawMode":0,"name":"Shaded","section":"Shading Mode"},"sceneLighting":true,"audioPlay":false,"sceneViewState":{"showFog":false,"showMaterialUpdate":false,"showSkybox":true,"showFlares":false,"showImageEffects":false,"showParticleSystems":false},"in2DMode":false,"pivot":{"x":-2.7373692989349367,"y":3.150944948196411,"z":5.68625545501709},"rotation":{"x":-0.006700337864458561,"y":-0.9567528367042542,"z":-0.02210705354809761,"w":0.28998929262161257},"size":1.2621769905090333,"orthographic":false}