{"cameraMode":{"drawMode":0,"name":"Shaded","section":"Shading Mode"},"sceneLighting":false,"audioPlay":false,"sceneViewState":{"showFog":false,"showMaterialUpdate":false,"showSkybox":true,"showFlares":false,"showImageEffects":false,"showParticleSystems":false},"in2DMode":false,"pivot":{"x":2.5396728515625,"y":4.466796875,"z":2.9088134765625},"rotation":{"x":0.37572169303894045,"y":0.1613728106021881,"z":-0.06668446213006973,"w":0.910186231136322},"size":3.2373275756835939,"orthographic":true}