{"cameraMode":{"drawMode":0,"name":"Shaded","section":"Shading Mode"},"sceneLighting":false,"audioPlay":false,"sceneViewState":{"showFog":false,"showMaterialUpdate":false,"showSkybox":true,"showFlares":false,"showImageEffects":false,"showParticleSystems":false},"in2DMode":false,"pivot":{"x":497.04266357421877,"y":-170.11260986328126,"z":-82.01431274414063},"rotation":{"x":-0.4531219005584717,"y":-0.020864609628915788,"z":0.010607259348034859,"w":-0.8911534547805786},"size":350.65850830078127,"orthographic":false}