{"cameraMode":{"drawMode":0,"name":"Shaded","section":"Shading Mode"},"sceneLighting":true,"audioPlay":false,"sceneViewState":{"showFog":false,"showMaterialUpdate":false,"showSkybox":true,"showFlares":false,"showImageEffects":false,"showParticleSystems":false},"in2DMode":false,"pivot":{"x":6.572756767272949,"y":1.6831703186035157,"z":-2.5544636249542238},"rotation":{"x":-0.03410691022872925,"y":0.7155241966247559,"z":-0.035012535750865939,"w":-0.6968858242034912},"size":4.078125,"orthographic":false}