{"cameraMode":{"drawMode":0,"name":"Shaded","section":"Shading Mode"},"sceneLighting":true,"audioPlay":false,"sceneViewState":{"showFog":true,"showMaterialUpdate":false,"showSkybox":true,"showFlares":true,"showImageEffects":true,"showParticleSystems":true},"in2DMode":false,"pivot":{"x":9.869819641113282,"y":-1.3640326261520386,"z":-5.5860090255737309},"rotation":{"x":0.32468080520629885,"y":0.12856286764144898,"z":-0.04459390789270401,"w":0.9359870553016663},"size":5.504937171936035,"orthographic":false}