{"cameraMode":{"drawMode":0,"name":"Shaded","section":"Shading Mode"},"sceneLighting":true,"audioPlay":false,"sceneViewState":{"showFog":false,"showMaterialUpdate":false,"showSkybox":true,"showFlares":false,"showImageEffects":false,"showParticleSystems":false},"in2DMode":false,"pivot":{"x":543.2151489257813,"y":61.28242492675781,"z":-179.7239990234375},"rotation":{"x":0.3601020872592926,"y":0.00979530718177557,"z":-0.0037812325172126295,"w":0.9328547716140747},"size":122.66845703125,"orthographic":false}