{"cameraMode":{"drawMode":0,"name":"Shaded","section":"Shading Mode"},"sceneLighting":false,"audioPlay":false,"sceneViewState":{"showFog":false,"showMaterialUpdate":false,"showSkybox":true,"showFlares":false,"showImageEffects":false,"showParticleSystems":false},"in2DMode":false,"pivot":{"x":7.45307731628418,"y":6.191925048828125,"z":0.6303071975708008},"rotation":{"x":-0.1917068064212799,"y":0.0032208007760345937,"z":-0.0006173650617711246,"w":-0.9814650416374207},"size":7.633224964141846,"orthographic":true}