{"cameraMode":{"drawMode":0,"name":"Shaded","section":"Shading Mode"},"sceneLighting":true,"audioPlay":false,"sceneViewState":{"showFog":true,"showMaterialUpdate":false,"showSkybox":true,"showFlares":true,"showImageEffects":true,"showParticleSystems":true},"in2DMode":false,"pivot":{"x":524.2800903320313,"y":129.8556671142578,"z":-191.256103515625},"rotation":{"x":0.19611836969852448,"y":-0.0014699652092531324,"z":0.0002969642519019544,"w":0.9805809259414673},"size":12.285307884216309,"orthographic":false}