{"cameraMode":{"drawMode":0,"name":"Shaded","section":"Shading Mode"},"sceneLighting":false,"audioPlay":false,"sceneViewState":{"showFog":true,"showMaterialUpdate":false,"showSkybox":false,"showFlares":true,"showImageEffects":true,"showParticleSystems":true},"in2DMode":false,"pivot":{"x":0.28266847133636477,"y":0.4643431007862091,"z":-2.8451218605041506},"rotation":{"x":-0.11748050153255463,"y":-0.4585094749927521,"z":0.06129308044910431,"w":-0.8787641525268555},"size":0.7869779467582703,"orthographic":false}