{"cameraMode":{"drawMode":0,"name":"Shaded","section":"Shading Mode"},"sceneLighting":false,"audioPlay":false,"sceneViewState":{"showFog":true,"showMaterialUpdate":false,"showSkybox":false,"showFlares":true,"showImageEffects":true,"showParticleSystems":true},"in2DMode":false,"pivot":{"x":0.28266847133636477,"y":0.4643431007862091,"z":-2.8451218605041506},"rotation":{"x":-0.2106846421957016,"y":-0.11932194232940674,"z":0.025916334241628648,"w":-0.9699060320854187},"size":0.7869779467582703,"orthographic":false}