{"cameraMode":{"drawMode":0,"name":"Shaded","section":"Shading Mode"},"sceneLighting":false,"audioPlay":false,"sceneViewState":{"showFog":true,"showMaterialUpdate":false,"showSkybox":true,"showFlares":true,"showImageEffects":true,"showParticleSystems":true},"in2DMode":false,"pivot":{"x":8.458845138549805,"y":0.6136722564697266,"z":-5.747950553894043},"rotation":{"x":0.31939077377319338,"y":-0.16459476947784425,"z":0.05643244460225105,"w":0.9315202832221985},"size":4.76602840423584,"orthographic":false}