{"cameraMode":{"drawMode":0,"name":"Shaded","section":"Shading Mode"},"sceneLighting":false,"audioPlay":false,"sceneViewState":{"showFog":false,"showMaterialUpdate":false,"showSkybox":true,"showFlares":false,"showImageEffects":false,"showParticleSystems":false},"in2DMode":false,"pivot":{"x":5.820774078369141,"y":5.757662773132324,"z":-13.112407684326172},"rotation":{"x":0.2574554979801178,"y":-0.008697339333593846,"z":0.002316117752343416,"w":0.9662500619888306},"size":-0.43803077936172488,"orthographic":false}