{"cameraMode":{"drawMode":0,"name":"Shaded","section":"Shading Mode"},"sceneLighting":true,"audioPlay":false,"sceneViewState":{"showFog":true,"showMaterialUpdate":false,"showSkybox":true,"showFlares":true,"showImageEffects":true,"showParticleSystems":true},"in2DMode":false,"pivot":{"x":490.41363525390627,"y":-25.574050903320314,"z":-49.28749084472656},"rotation":{"x":0.23186202347278596,"y":0.010215151123702526,"z":-0.0024237665347754957,"w":0.9727078080177307},"size":269.6551208496094,"orthographic":false}