{"cameraMode":{"drawMode":0,"name":"Shaded","section":"Shading Mode"},"sceneLighting":false,"audioPlay":false,"sceneViewState":{"showFog":false,"showMaterialUpdate":false,"showSkybox":true,"showFlares":false,"showImageEffects":false,"showParticleSystems":false},"in2DMode":false,"pivot":{"x":548.4600219726563,"y":132.64999389648438,"z":-198.30499267578126},"rotation":{"x":0.002688532928004861,"y":-0.9957495927810669,"z":0.030775563791394235,"w":0.08683127164840698},"size":1.4010319709777833,"orthographic":false}