{"cameraMode":{"drawMode":0,"name":"Shaded","section":"Shading Mode"},"sceneLighting":true,"audioPlay":false,"sceneViewState":{"showFog":true,"showMaterialUpdate":false,"showSkybox":true,"showFlares":true,"showImageEffects":true,"showParticleSystems":true},"in2DMode":false,"pivot":{"x":6.665665626525879,"y":1.8484556674957276,"z":-3.758640766143799},"rotation":{"x":-0.31282567977905276,"y":-0.18865643441677094,"z":0.0635446235537529,"w":-0.9287219643592835},"size":0.31524068117141726,"orthographic":false}