{"cameraMode":{"drawMode":0,"name":"Shaded","section":"Shading Mode"},"sceneLighting":true,"audioPlay":false,"sceneViewState":{"showFog":false,"showMaterialUpdate":false,"showSkybox":true,"showFlares":false,"showImageEffects":false,"showParticleSystems":false},"in2DMode":false,"pivot":{"x":10.809733390808106,"y":1.3090322017669678,"z":-2.5040323734283449},"rotation":{"x":0.508066713809967,"y":0.07986582070589066,"z":-0.04738654941320419,"w":0.8562973737716675},"size":5.2800822257995609,"orthographic":false}