{"cameraMode":{"drawMode":0,"name":"Shaded","section":"Shading Mode"},"sceneLighting":false,"audioPlay":false,"sceneViewState":{"showFog":false,"showMaterialUpdate":false,"showSkybox":true,"showFlares":false,"showImageEffects":false,"showParticleSystems":false},"in2DMode":false,"pivot":{"x":-0.2123856544494629,"y":1.5141416788101197,"z":1.7877655029296876},"rotation":{"x":0.27867037057876589,"y":-0.6798315048217773,"z":0.315398246049881,"w":0.6006096601486206},"size":12.147597312927246,"orthographic":false}