{"cameraMode":{"drawMode":0,"name":"Shaded","section":"Shading Mode"},"sceneLighting":true,"audioPlay":false,"sceneViewState":{"showFog":false,"showMaterialUpdate":false,"showSkybox":true,"showFlares":false,"showImageEffects":false,"showParticleSystems":false},"in2DMode":false,"pivot":{"x":3.231752872467041,"y":-0.9819986820220947,"z":5.580752849578857},"rotation":{"x":0.3642357885837555,"y":0.6068909168243408,"z":-0.36577093601226809,"w":0.6043457388877869},"size":4.339685916900635,"orthographic":false}